"customer_id","store_id","first_name","last_name","email","address_id","activebool","create_date","last_update","active","initials"
524,1,"Jared","Ely","jared.ely@sakilacustomer.org",530,True,"2006-02-14","2023-04-27 06:36:13.898402",1,"J.E."
1,1,"Mary","Smith","mary.smith@sakilacustomer.org",5,True,"2006-02-14","2023-04-27 06:36:13.898402",1,"M.S."
2,1,"Patricia","Johnson","patricia.johnson@sakilacustomer.org",6,True,"2006-02-14","2023-04-27 06:36:13.898402",1,"P.J."
3,1,"Linda","Williams","linda.williams@sakilacustomer.org",7,True,"2006-02-14","2023-04-27 06:36:13.898402",1,"L.W."
4,2,"Barbara","Jones","barbara.jones@sakilacustomer.org",8,True,"2006-02-14","2023-04-27 06:36:13.898402",1,"B.J."
5,1,"Elizabeth","Brown","elizabeth.brown@sakilacustomer.org",9,True,"2006-02-14","2023-04-27 06:36:13.898402",1,"E.B."
6,2,"Jennifer","Davis","jennifer.davis@sakilacustomer.org",10,True,"2006-02-14","2023-04-27 06:36:13.898402",1,"J.D."
7,1,"Maria","Miller","maria.miller@sakilacustomer.org",11,True,"2006-02-14","2023-04-27 06:36:13.898402",1,"M.M."
8,2,"Susan","Wilson","susan.wilson@sakilacustomer.org",12,True,"2006-02-14","2023-04-27 06:36:13.898402",1,"S.W."
9,2,"Margaret","Moore","margaret.moore@sakilacustomer.org",13,True,"2006-02-14","2023-04-27 06:36:13.898402",1,"M.M."
10,1,"Dorothy","Taylor","dorothy.taylor@sakilacustomer.org",14,True,"2006-02-14","2023-04-27 06:36:13.898402",1,"D.T."
11,2,"Lisa","Anderson","lisa.anderson@sakilacustomer.org",15,True,"2006-02-14","2023-04-27 06:36:13.898402",1,"L.A."
12,1,"Nancy","Thomas","nancy.thomas@sakilacustomer.org",16,True,"2006-02-14","2023-04-27 06:36:13.898402",1,"N.T."
13,2,"Karen","Jackson","karen.jackson@sakilacustomer.org",17,True,"2006-02-14","2023-04-27 06:36:13.898402",1,"K.J."
14,2,"Betty","White","betty.white@sakilacustomer.org",18,True,"2006-02-14","2023-04-27 06:36:13.898402",1,"B.W."
15,1,"Helen","Harris","helen.harris@sakilacustomer.org",19,True,"2006-02-14","2023-04-27 06:36:13.898402",1,"H.H."
16,2,"Sandra","Martin","sandra.martin@sakilacustomer.org",20,True,"2006-02-14","2023-04-27 06:36:13.898402",0,"S.M."
17,1,"Donna","Thompson","donna.thompson@sakilacustomer.org",21,True,"2006-02-14","2023-04-27 06:36:13.898402",1,"D.T."
18,2,"Carol","Garcia","carol.garcia@sakilacustomer.org",22,True,"2006-02-14","2023-04-27 06:36:13.898402",1,"C.G."
19,1,"Ruth","Martinez","ruth.martinez@sakilacustomer.org",23,True,"2006-02-14","2023-04-27 06:36:13.898402",1,"R.M."
20,2,"Sharon","Robinson","sharon.robinson@sakilacustomer.org",24,True,"2006-02-14","2023-04-27 06:36:13.898402",1,"S.R."
21,1,"Michelle","Clark","michelle.clark@sakilacustomer.org",25,True,"2006-02-14","2023-04-27 06:36:13.898402",1,"M.C."
22,1,"Laura","Rodriguez","laura.rodriguez@sakilacustomer.org",26,True,"2006-02-14","2023-04-27 06:36:13.898402",1,"L.R."
23,2,"Sarah","Lewis","sarah.lewis@sakilacustomer.org",27,True,"2006-02-14","2023-04-27 06:36:13.898402",1,"S.L."
24,2,"Kimberly","Lee","kimberly.lee@sakilacustomer.org",28,True,"2006-02-14","2023-04-27 06:36:13.898402",1,"K.L."
25,1,"Deborah","Walker","deborah.walker@sakilacustomer.org",29,True,"2006-02-14","2023-04-27 06:36:13.898402",1,"D.W."
26,2,"Jessica","Hall","jessica.hall@sakilacustomer.org",30,True,"2006-02-14","2023-04-27 06:36:13.898402",1,"J.H."
27,2,"Shirley","Allen","shirley.allen@sakilacustomer.org",31,True,"2006-02-14","2023-04-27 06:36:13.898402",1,"S.A."
28,1,"Cynthia","Young","cynthia.young@sakilacustomer.org",32,True,"2006-02-14","2023-04-27 06:36:13.898402",1,"C.Y."
29,2,"Angela","Hernandez","angela.hernandez@sakilacustomer.org",33,True,"2006-02-14","2023-04-27 06:36:13.898402",1,"A.H."
30,1,"Melissa","King","melissa.king@sakilacustomer.org",34,True,"2006-02-14","2023-04-27 06:36:13.898402",1,"M.K."
31,2,"Brenda","Wright","brenda.wright@sakilacustomer.org",35,True,"2006-02-14","2023-04-27 06:36:13.898402",1,"B.W."
32,1,"Amy","Lopez","amy.lopez@sakilacustomer.org",36,True,"2006-02-14","2023-04-27 06:36:13.898402",1,"A.L."
33,2,"Anna","Hill","anna.hill@sakilacustomer.org",37,True,"2006-02-14","2023-04-27 06:36:13.898402",1,"A.H."
34,2,"Rebecca","Scott","rebecca.scott@sakilacustomer.org",38,True,"2006-02-14","2023-04-27 06:36:13.898402",1,"R.S."
35,2,"Virginia","Green","virginia.green@sakilacustomer.org",39,True,"2006-02-14","2023-04-27 06:36:13.898402",1,"V.G."
36,2,"Kathleen","Adams","kathleen.adams@sakilacustomer.org",40,True,"2006-02-14","2023-04-27 06:36:13.898402",1,"K.A."
37,1,"Pamela","Baker","pamela.baker@sakilacustomer.org",41,True,"2006-02-14","2023-04-27 06:36:13.898402",1,"P.B."
38,1,"Martha","Gonzalez","martha.gonzalez@sakilacustomer.org",42,True,"2006-02-14","2023-04-27 06:36:13.898402",1,"M.G."
39,1,"Debra","Nelson","debra.nelson@sakilacustomer.org",43,True,"2006-02-14","2023-04-27 06:36:13.898402",1,"D.N."
40,2,"Amanda","Carter","amanda.carter@sakilacustomer.org",44,True,"2006-02-14","2023-04-27 06:36:13.898402",1,"A.C."
41,1,"Stephanie","Mitchell","stephanie.mitchell@sakilacustomer.org",45,True,"2006-02-14","2023-04-27 06:36:13.898402",1,"S.M."
42,2,"Carolyn","Perez","carolyn.perez@sakilacustomer.org",46,True,"2006-02-14","2023-04-27 06:36:13.898402",1,"C.P."
43,2,"Christine","Roberts","christine.roberts@sakilacustomer.org",47,True,"2006-02-14","2023-04-27 06:36:13.898402",1,"C.R."
44,1,"Marie","Turner","marie.turner@sakilacustomer.org",48,True,"2006-02-14","2023-04-27 06:36:13.898402",1,"M.T."
45,1,"Janet","Phillips","janet.phillips@sakilacustomer.org",49,True,"2006-02-14","2023-04-27 06:36:13.898402",1,"J.P."
46,2,"Catherine","Campbell","catherine.campbell@sakilacustomer.org",50,True,"2006-02-14","2023-04-27 06:36:13.898402",1,"C.C."
47,1,"Frances","Parker","frances.parker@sakilacustomer.org",51,True,"2006-02-14","2023-04-27 06:36:13.898402",1,"F.P."
48,1,"Ann","Evans","ann.evans@sakilacustomer.org",52,True,"2006-02-14","2023-04-27 06:36:13.898402",1,"A.E."
49,2,"Joyce","Edwards","joyce.edwards@sakilacustomer.org",53,True,"2006-02-14","2023-04-27 06:36:13.898402",1,"J.E."
50,1,"Diane","Collins","diane.collins@sakilacustomer.org",54,True,"2006-02-14","2023-04-27 06:36:13.898402",1,"D.C."
51,1,"Alice","Stewart","alice.stewart@sakilacustomer.org",55,True,"2006-02-14","2023-04-27 06:36:13.898402",1,"A.S."
52,1,"Julie","Sanchez","julie.sanchez@sakilacustomer.org",56,True,"2006-02-14","2023-04-27 06:36:13.898402",1,"J.S."
53,1,"Heather","Morris","heather.morris@sakilacustomer.org",57,True,"2006-02-14","2023-04-27 06:36:13.898402",1,"H.M."
54,1,"Teresa","Rogers","teresa.rogers@sakilacustomer.org",58,True,"2006-02-14","2023-04-27 06:36:13.898402",1,"T.R."
55,2,"Doris","Reed","doris.reed@sakilacustomer.org",59,True,"2006-02-14","2023-04-27 06:36:13.898402",1,"D.R."
56,1,"Gloria","Cook","gloria.cook@sakilacustomer.org",60,True,"2006-02-14","2023-04-27 06:36:13.898402",1,"G.C."
57,2,"Evelyn","Morgan","evelyn.morgan@sakilacustomer.org",61,True,"2006-02-14","2023-04-27 06:36:13.898402",1,"E.M."
58,1,"Jean","Bell","jean.bell@sakilacustomer.org",62,True,"2006-02-14","2023-04-27 06:36:13.898402",1,"J.B."
59,1,"Cheryl","Murphy","cheryl.murphy@sakilacustomer.org",63,True,"2006-02-14","2023-04-27 06:36:13.898402",1,"C.M."
60,1,"Mildred","Bailey","mildred.bailey@sakilacustomer.org",64,True,"2006-02-14","2023-04-27 06:36:13.898402",1,"M.B."
61,2,"Katherine","Rivera","katherine.rivera@sakilacustomer.org",65,True,"2006-02-14","2023-04-27 06:36:13.898402",1,"K.R."
62,1,"Joan","Cooper","joan.cooper@sakilacustomer.org",66,True,"2006-02-14","2023-04-27 06:36:13.898402",1,"J.C."
63,1,"Ashley","Richardson","ashley.richardson@sakilacustomer.org",67,True,"2006-02-14","2023-04-27 06:36:13.898402",1,"A.R."
64,2,"Judith","Cox","judith.cox@sakilacustomer.org",68,True,"2006-02-14","2023-04-27 06:36:13.898402",0,"J.C."
65,2,"Rose","Howard","rose.howard@sakilacustomer.org",69,True,"2006-02-14","2023-04-27 06:36:13.898402",1,"R.H."
66,2,"Janice","Ward","janice.ward@sakilacustomer.org",70,True,"2006-02-14","2023-04-27 06:36:13.898402",1,"J.W."
67,1,"Kelly","Torres","kelly.torres@sakilacustomer.org",71,True,"2006-02-14","2023-04-27 06:36:13.898402",1,"K.T."
68,1,"Nicole","Peterson","nicole.peterson@sakilacustomer.org",72,True,"2006-02-14","2023-04-27 06:36:13.898402",1,"N.P."
69,2,"Judy","Gray","judy.gray@sakilacustomer.org",73,True,"2006-02-14","2023-04-27 06:36:13.898402",1,"J.G."
70,2,"Christina","Ramirez","christina.ramirez@sakilacustomer.org",74,True,"2006-02-14","2023-04-27 06:36:13.898402",1,"C.R."
71,1,"Kathy","James","kathy.james@sakilacustomer.org",75,True,"2006-02-14","2023-04-27 06:36:13.898402",1,"K.J."
72,2,"Theresa","Watson","theresa.watson@sakilacustomer.org",76,True,"2006-02-14","2023-04-27 06:36:13.898402",1,"T.W."
73,2,"Beverly","Brooks","beverly.brooks@sakilacustomer.org",77,True,"2006-02-14","2023-04-27 06:36:13.898402",1,"B.B."
74,1,"Denise","Kelly","denise.kelly@sakilacustomer.org",78,True,"2006-02-14","2023-04-27 06:36:13.898402",1,"D.K."
75,2,"Tammy","Sanders","tammy.sanders@sakilacustomer.org",79,True,"2006-02-14","2023-04-27 06:36:13.898402",1,"T.S."
76,2,"Irene","Price","irene.price@sakilacustomer.org",80,True,"2006-02-14","2023-04-27 06:36:13.898402",1,"I.P."
77,2,"Jane","Bennett","jane.bennett@sakilacustomer.org",81,True,"2006-02-14","2023-04-27 06:36:13.898402",1,"J.B."
78,1,"Lori","Wood","lori.wood@sakilacustomer.org",82,True,"2006-02-14","2023-04-27 06:36:13.898402",1,"L.W."
79,1,"Rachel","Barnes","rachel.barnes@sakilacustomer.org",83,True,"2006-02-14","2023-04-27 06:36:13.898402",1,"R.B."
80,1,"Marilyn","Ross","marilyn.ross@sakilacustomer.org",84,True,"2006-02-14","2023-04-27 06:36:13.898402",1,"M.R."
81,1,"Andrea","Henderson","andrea.henderson@sakilacustomer.org",85,True,"2006-02-14","2023-04-27 06:36:13.898402",1,"A.H."
82,1,"Kathryn","Coleman","kathryn.coleman@sakilacustomer.org",86,True,"2006-02-14","2023-04-27 06:36:13.898402",1,"K.C."
83,1,"Louise","Jenkins","louise.jenkins@sakilacustomer.org",87,True,"2006-02-14","2023-04-27 06:36:13.898402",1,"L.J."
84,2,"Sara","Perry","sara.perry@sakilacustomer.org",88,True,"2006-02-14","2023-04-27 06:36:13.898402",1,"S.P."
85,2,"Anne","Powell","anne.powell@sakilacustomer.org",89,True,"2006-02-14","2023-04-27 06:36:13.898402",1,"A.P."
86,2,"Jacqueline","Long","jacqueline.long@sakilacustomer.org",90,True,"2006-02-14","2023-04-27 06:36:13.898402",1,"J.L."
87,1,"Wanda","Patterson","wanda.patterson@sakilacustomer.org",91,True,"2006-02-14","2023-04-27 06:36:13.898402",1,"W.P."
88,2,"Bonnie","Hughes","bonnie.hughes@sakilacustomer.org",92,True,"2006-02-14","2023-04-27 06:36:13.898402",1,"B.H."
89,1,"Julia","Flores","julia.flores@sakilacustomer.org",93,True,"2006-02-14","2023-04-27 06:36:13.898402",1,"J.F."
90,2,"Ruby","Washington","ruby.washington@sakilacustomer.org",94,True,"2006-02-14","2023-04-27 06:36:13.898402",1,"R.W."
91,2,"Lois","Butler","lois.butler@sakilacustomer.org",95,True,"2006-02-14","2023-04-27 06:36:13.898402",1,"L.B."
92,2,"Tina","Simmons","tina.simmons@sakilacustomer.org",96,True,"2006-02-14","2023-04-27 06:36:13.898402",1,"T.S."
93,1,"Phyllis","Foster","phyllis.foster@sakilacustomer.org",97,True,"2006-02-14","2023-04-27 06:36:13.898402",1,"P.F."
94,1,"Norma","Gonzales","norma.gonzales@sakilacustomer.org",98,True,"2006-02-14","2023-04-27 06:36:13.898402",1,"N.G."
95,2,"Paula","Bryant","paula.bryant@sakilacustomer.org",99,True,"2006-02-14","2023-04-27 06:36:13.898402",1,"P.B."
96,1,"Diana","Alexander","diana.alexander@sakilacustomer.org",100,True,"2006-02-14","2023-04-27 06:36:13.898402",1,"D.A."
97,2,"Annie","Russell","annie.russell@sakilacustomer.org",101,True,"2006-02-14","2023-04-27 06:36:13.898402",1,"A.R."
98,1,"Lillian","Griffin","lillian.griffin@sakilacustomer.org",102,True,"2006-02-14","2023-04-27 06:36:13.898402",1,"L.G."
99,2,"Emily","Diaz","emily.diaz@sakilacustomer.org",103,True,"2006-02-14","2023-04-27 06:36:13.898402",1,"E.D."
100,1,"Robin","Hayes","robin.hayes@sakilacustomer.org",104,True,"2006-02-14","2023-04-27 06:36:13.898402",1,"R.H."
101,1,"Peggy","Myers","peggy.myers@sakilacustomer.org",105,True,"2006-02-14","2023-04-27 06:36:13.898402",1,"P.M."
102,1,"Crystal","Ford","crystal.ford@sakilacustomer.org",106,True,"2006-02-14","2023-04-27 06:36:13.898402",1,"C.F."
103,1,"Gladys","Hamilton","gladys.hamilton@sakilacustomer.org",107,True,"2006-02-14","2023-04-27 06:36:13.898402",1,"G.H."
104,1,"Rita","Graham","rita.graham@sakilacustomer.org",108,True,"2006-02-14","2023-04-27 06:36:13.898402",1,"R.G."
105,1,"Dawn","Sullivan","dawn.sullivan@sakilacustomer.org",109,True,"2006-02-14","2023-04-27 06:36:13.898402",1,"D.S."
106,1,"Connie","Wallace","connie.wallace@sakilacustomer.org",110,True,"2006-02-14","2023-04-27 06:36:13.898402",1,"C.W."
107,1,"Florence","Woods","florence.woods@sakilacustomer.org",111,True,"2006-02-14","2023-04-27 06:36:13.898402",1,"F.W."
108,1,"Tracy","Cole","tracy.cole@sakilacustomer.org",112,True,"2006-02-14","2023-04-27 06:36:13.898402",1,"T.C."
109,2,"Edna","West","edna.west@sakilacustomer.org",113,True,"2006-02-14","2023-04-27 06:36:13.898402",1,"E.W."
110,2,"Tiffany","Jordan","tiffany.jordan@sakilacustomer.org",114,True,"2006-02-14","2023-04-27 06:36:13.898402",1,"T.J."
111,1,"Carmen","Owens","carmen.owens@sakilacustomer.org",115,True,"2006-02-14","2023-04-27 06:36:13.898402",1,"C.O."
112,2,"Rosa","Reynolds","rosa.reynolds@sakilacustomer.org",116,True,"2006-02-14","2023-04-27 06:36:13.898402",1,"R.R."
113,2,"Cindy","Fisher","cindy.fisher@sakilacustomer.org",117,True,"2006-02-14","2023-04-27 06:36:13.898402",1,"C.F."
114,2,"Grace","Ellis","grace.ellis@sakilacustomer.org",118,True,"2006-02-14","2023-04-27 06:36:13.898402",1,"G.E."
115,1,"Wendy","Harrison","wendy.harrison@sakilacustomer.org",119,True,"2006-02-14","2023-04-27 06:36:13.898402",1,"W.H."
116,1,"Victoria","Gibson","victoria.gibson@sakilacustomer.org",120,True,"2006-02-14","2023-04-27 06:36:13.898402",1,"V.G."
117,1,"Edith","Mcdonald","edith.mcdonald@sakilacustomer.org",121,True,"2006-02-14","2023-04-27 06:36:13.898402",1,"E.M."
118,1,"Kim","Cruz","kim.cruz@sakilacustomer.org",122,True,"2006-02-14","2023-04-27 06:36:13.898402",1,"K.C."
119,1,"Sherry","Marshall","sherry.marshall@sakilacustomer.org",123,True,"2006-02-14","2023-04-27 06:36:13.898402",1,"S.M."
120,2,"Sylvia","Ortiz","sylvia.ortiz@sakilacustomer.org",124,True,"2006-02-14","2023-04-27 06:36:13.898402",1,"S.O."
121,1,"Josephine","Gomez","josephine.gomez@sakilacustomer.org",125,True,"2006-02-14","2023-04-27 06:36:13.898402",1,"J.G."
122,1,"Thelma","Murray","thelma.murray@sakilacustomer.org",126,True,"2006-02-14","2023-04-27 06:36:13.898402",1,"T.M."
123,2,"Shannon","Freeman","shannon.freeman@sakilacustomer.org",127,True,"2006-02-14","2023-04-27 06:36:13.898402",1,"S.F."
124,1,"Sheila","Wells","sheila.wells@sakilacustomer.org",128,True,"2006-02-14","2023-04-27 06:36:13.898402",0,"S.W."
125,1,"Ethel","Webb","ethel.webb@sakilacustomer.org",129,True,"2006-02-14","2023-04-27 06:36:13.898402",1,"E.W."
126,1,"Ellen","Simpson","ellen.simpson@sakilacustomer.org",130,True,"2006-02-14","2023-04-27 06:36:13.898402",1,"E.S."
127,2,"Elaine","Stevens","elaine.stevens@sakilacustomer.org",131,True,"2006-02-14","2023-04-27 06:36:13.898402",1,"E.S."
128,1,"Marjorie","Tucker","marjorie.tucker@sakilacustomer.org",132,True,"2006-02-14","2023-04-27 06:36:13.898402",1,"M.T."
129,1,"Carrie","Porter","carrie.porter@sakilacustomer.org",133,True,"2006-02-14","2023-04-27 06:36:13.898402",1,"C.P."
130,1,"Charlotte","Hunter","charlotte.hunter@sakilacustomer.org",134,True,"2006-02-14","2023-04-27 06:36:13.898402",1,"C.H."
131,2,"Monica","Hicks","monica.hicks@sakilacustomer.org",135,True,"2006-02-14","2023-04-27 06:36:13.898402",1,"M.H."
132,2,"Esther","Crawford","esther.crawford@sakilacustomer.org",136,True,"2006-02-14","2023-04-27 06:36:13.898402",1,"E.C."
133,1,"Pauline","Henry","pauline.henry@sakilacustomer.org",137,True,"2006-02-14","2023-04-27 06:36:13.898402",1,"P.H."
134,1,"Emma","Boyd","emma.boyd@sakilacustomer.org",138,True,"2006-02-14","2023-04-27 06:36:13.898402",1,"E.B."
135,2,"Juanita","Mason","juanita.mason@sakilacustomer.org",139,True,"2006-02-14","2023-04-27 06:36:13.898402",1,"J.M."
136,2,"Anita","Morales","anita.morales@sakilacustomer.org",140,True,"2006-02-14","2023-04-27 06:36:13.898402",1,"A.M."
137,2,"Rhonda","Kennedy","rhonda.kennedy@sakilacustomer.org",141,True,"2006-02-14","2023-04-27 06:36:13.898402",1,"R.K."
138,1,"Hazel","Warren","hazel.warren@sakilacustomer.org",142,True,"2006-02-14","2023-04-27 06:36:13.898402",1,"H.W."
139,1,"Amber","Dixon","amber.dixon@sakilacustomer.org",143,True,"2006-02-14","2023-04-27 06:36:13.898402",1,"A.D."
140,1,"Eva","Ramos","eva.ramos@sakilacustomer.org",144,True,"2006-02-14","2023-04-27 06:36:13.898402",1,"E.R."
141,1,"Debbie","Reyes","debbie.reyes@sakilacustomer.org",145,True,"2006-02-14","2023-04-27 06:36:13.898402",1,"D.R."
142,1,"April","Burns","april.burns@sakilacustomer.org",146,True,"2006-02-14","2023-04-27 06:36:13.898402",1,"A.B."
143,1,"Leslie","Gordon","leslie.gordon@sakilacustomer.org",147,True,"2006-02-14","2023-04-27 06:36:13.898402",1,"L.G."
144,1,"Clara","Shaw","clara.shaw@sakilacustomer.org",148,True,"2006-02-14","2023-04-27 06:36:13.898402",1,"C.S."
145,1,"Lucille","Holmes","lucille.holmes@sakilacustomer.org",149,True,"2006-02-14","2023-04-27 06:36:13.898402",1,"L.H."
146,1,"Jamie","Rice","jamie.rice@sakilacustomer.org",150,True,"2006-02-14","2023-04-27 06:36:13.898402",1,"J.R."
147,2,"Joanne","Robertson","joanne.robertson@sakilacustomer.org",151,True,"2006-02-14","2023-04-27 06:36:13.898402",1,"J.R."
148,1,"Eleanor","Hunt","eleanor.hunt@sakilacustomer.org",152,True,"2006-02-14","2023-04-27 06:36:13.898402",1,"E.H."
149,1,"Valerie","Black","valerie.black@sakilacustomer.org",153,True,"2006-02-14","2023-04-27 06:36:13.898402",1,"V.B."
150,2,"Danielle","Daniels","danielle.daniels@sakilacustomer.org",154,True,"2006-02-14","2023-04-27 06:36:13.898402",1,"D.D."
151,2,"Megan","Palmer","megan.palmer@sakilacustomer.org",155,True,"2006-02-14","2023-04-27 06:36:13.898402",1,"M.P."
152,1,"Alicia","Mills","alicia.mills@sakilacustomer.org",156,True,"2006-02-14","2023-04-27 06:36:13.898402",1,"A.M."
153,2,"Suzanne","Nichols","suzanne.nichols@sakilacustomer.org",157,True,"2006-02-14","2023-04-27 06:36:13.898402",1,"S.N."
154,2,"Michele","Grant","michele.grant@sakilacustomer.org",158,True,"2006-02-14","2023-04-27 06:36:13.898402",1,"M.G."
155,1,"Gail","Knight","gail.knight@sakilacustomer.org",159,True,"2006-02-14","2023-04-27 06:36:13.898402",1,"G.K."
156,1,"Bertha","Ferguson","bertha.ferguson@sakilacustomer.org",160,True,"2006-02-14","2023-04-27 06:36:13.898402",1,"B.F."
157,2,"Darlene","Rose","darlene.rose@sakilacustomer.org",161,True,"2006-02-14","2023-04-27 06:36:13.898402",1,"D.R."
158,1,"Veronica","Stone","veronica.stone@sakilacustomer.org",162,True,"2006-02-14","2023-04-27 06:36:13.898402",1,"V.S."
159,1,"Jill","Hawkins","jill.hawkins@sakilacustomer.org",163,True,"2006-02-14","2023-04-27 06:36:13.898402",1,"J.H."
160,2,"Erin","Dunn","erin.dunn@sakilacustomer.org",164,True,"2006-02-14","2023-04-27 06:36:13.898402",1,"E.D."
161,1,"Geraldine","Perkins","geraldine.perkins@sakilacustomer.org",165,True,"2006-02-14","2023-04-27 06:36:13.898402",1,"G.P."
162,2,"Lauren","Hudson","lauren.hudson@sakilacustomer.org",166,True,"2006-02-14","2023-04-27 06:36:13.898402",1,"L.H."
163,1,"Cathy","Spencer","cathy.spencer@sakilacustomer.org",167,True,"2006-02-14","2023-04-27 06:36:13.898402",1,"C.S."
164,2,"Joann","Gardner","joann.gardner@sakilacustomer.org",168,True,"2006-02-14","2023-04-27 06:36:13.898402",1,"J.G."
165,2,"Lorraine","Stephens","lorraine.stephens@sakilacustomer.org",169,True,"2006-02-14","2023-04-27 06:36:13.898402",1,"L.S."
166,1,"Lynn","Payne","lynn.payne@sakilacustomer.org",170,True,"2006-02-14","2023-04-27 06:36:13.898402",1,"L.P."
167,2,"Sally","Pierce","sally.pierce@sakilacustomer.org",171,True,"2006-02-14","2023-04-27 06:36:13.898402",1,"S.P."
168,1,"Regina","Berry","regina.berry@sakilacustomer.org",172,True,"2006-02-14","2023-04-27 06:36:13.898402",1,"R.B."
169,2,"Erica","Matthews","erica.matthews@sakilacustomer.org",173,True,"2006-02-14","2023-04-27 06:36:13.898402",0,"E.M."
170,1,"Beatrice","Arnold","beatrice.arnold@sakilacustomer.org",174,True,"2006-02-14","2023-04-27 06:36:13.898402",1,"B.A."
171,2,"Dolores","Wagner","dolores.wagner@sakilacustomer.org",175,True,"2006-02-14","2023-04-27 06:36:13.898402",1,"D.W."
172,1,"Bernice","Willis","bernice.willis@sakilacustomer.org",176,True,"2006-02-14","2023-04-27 06:36:13.898402",1,"B.W."
173,1,"Audrey","Ray","audrey.ray@sakilacustomer.org",177,True,"2006-02-14","2023-04-27 06:36:13.898402",1,"A.R."
174,2,"Yvonne","Watkins","yvonne.watkins@sakilacustomer.org",178,True,"2006-02-14","2023-04-27 06:36:13.898402",1,"Y.W."
175,1,"Annette","Olson","annette.olson@sakilacustomer.org",179,True,"2006-02-14","2023-04-27 06:36:13.898402",1,"A.O."
176,1,"June","Carroll","june.carroll@sakilacustomer.org",180,True,"2006-02-14","2023-04-27 06:36:13.898402",1,"J.C."
177,2,"Samantha","Duncan","samantha.duncan@sakilacustomer.org",181,True,"2006-02-14","2023-04-27 06:36:13.898402",1,"S.D."
178,2,"Marion","Snyder","marion.snyder@sakilacustomer.org",182,True,"2006-02-14","2023-04-27 06:36:13.898402",1,"M.S."
179,1,"Dana","Hart","dana.hart@sakilacustomer.org",183,True,"2006-02-14","2023-04-27 06:36:13.898402",1,"D.H."
180,2,"Stacy","Cunningham","stacy.cunningham@sakilacustomer.org",184,True,"2006-02-14","2023-04-27 06:36:13.898402",1,"S.C."
181,2,"Ana","Bradley","ana.bradley@sakilacustomer.org",185,True,"2006-02-14","2023-04-27 06:36:13.898402",1,"A.B."
182,1,"Renee","Lane","renee.lane@sakilacustomer.org",186,True,"2006-02-14","2023-04-27 06:36:13.898402",1,"R.L."
183,2,"Ida","Andrews","ida.andrews@sakilacustomer.org",187,True,"2006-02-14","2023-04-27 06:36:13.898402",1,"I.A."
184,1,"Vivian","Ruiz","vivian.ruiz@sakilacustomer.org",188,True,"2006-02-14","2023-04-27 06:36:13.898402",1,"V.R."
185,1,"Roberta","Harper","roberta.harper@sakilacustomer.org",189,True,"2006-02-14","2023-04-27 06:36:13.898402",1,"R.H."
186,2,"Holly","Fox","holly.fox@sakilacustomer.org",190,True,"2006-02-14","2023-04-27 06:36:13.898402",1,"H.F."
187,2,"Brittany","Riley","brittany.riley@sakilacustomer.org",191,True,"2006-02-14","2023-04-27 06:36:13.898402",1,"B.R."
188,1,"Melanie","Armstrong","melanie.armstrong@sakilacustomer.org",192,True,"2006-02-14","2023-04-27 06:36:13.898402",1,"M.A."
189,1,"Loretta","Carpenter","loretta.carpenter@sakilacustomer.org",193,True,"2006-02-14","2023-04-27 06:36:13.898402",1,"L.C."
190,2,"Yolanda","Weaver","yolanda.weaver@sakilacustomer.org",194,True,"2006-02-14","2023-04-27 06:36:13.898402",1,"Y.W."
191,1,"Jeanette","Greene","jeanette.greene@sakilacustomer.org",195,True,"2006-02-14","2023-04-27 06:36:13.898402",1,"J.G."
192,1,"Laurie","Lawrence","laurie.lawrence@sakilacustomer.org",196,True,"2006-02-14","2023-04-27 06:36:13.898402",1,"L.L."
193,2,"Katie","Elliott","katie.elliott@sakilacustomer.org",197,True,"2006-02-14","2023-04-27 06:36:13.898402",1,"K.E."
194,2,"Kristen","Chavez","kristen.chavez@sakilacustomer.org",198,True,"2006-02-14","2023-04-27 06:36:13.898402",1,"K.C."
195,1,"Vanessa","Sims","vanessa.sims@sakilacustomer.org",199,True,"2006-02-14","2023-04-27 06:36:13.898402",1,"V.S."
196,1,"Alma","Austin","alma.austin@sakilacustomer.org",200,True,"2006-02-14","2023-04-27 06:36:13.898402",1,"A.A."
197,2,"Sue","Peters","sue.peters@sakilacustomer.org",201,True,"2006-02-14","2023-04-27 06:36:13.898402",1,"S.P."
198,2,"Elsie","Kelley","elsie.kelley@sakilacustomer.org",202,True,"2006-02-14","2023-04-27 06:36:13.898402",1,"E.K."
199,2,"Beth","Franklin","beth.franklin@sakilacustomer.org",203,True,"2006-02-14","2023-04-27 06:36:13.898402",1,"B.F."
200,2,"Jeanne","Lawson","jeanne.lawson@sakilacustomer.org",204,True,"2006-02-14","2023-04-27 06:36:13.898402",1,"J.L."
201,1,"Vicki","Fields","vicki.fields@sakilacustomer.org",205,True,"2006-02-14","2023-04-27 06:36:13.898402",1,"V.F."
202,2,"Carla","Gutierrez","carla.gutierrez@sakilacustomer.org",206,True,"2006-02-14","2023-04-27 06:36:13.898402",1,"C.G."
203,1,"Tara","Ryan","tara.ryan@sakilacustomer.org",207,True,"2006-02-14","2023-04-27 06:36:13.898402",1,"T.R."
204,1,"Rosemary","Schmidt","rosemary.schmidt@sakilacustomer.org",208,True,"2006-02-14","2023-04-27 06:36:13.898402",1,"R.S."
205,2,"Eileen","Carr","eileen.carr@sakilacustomer.org",209,True,"2006-02-14","2023-04-27 06:36:13.898402",1,"E.C."
206,1,"Terri","Vasquez","terri.vasquez@sakilacustomer.org",210,True,"2006-02-14","2023-04-27 06:36:13.898402",1,"T.V."
207,1,"Gertrude","Castillo","gertrude.castillo@sakilacustomer.org",211,True,"2006-02-14","2023-04-27 06:36:13.898402",1,"G.C."
208,1,"Lucy","Wheeler","lucy.wheeler@sakilacustomer.org",212,True,"2006-02-14","2023-04-27 06:36:13.898402",1,"L.W."
209,2,"Tonya","Chapman","tonya.chapman@sakilacustomer.org",213,True,"2006-02-14","2023-04-27 06:36:13.898402",1,"T.C."
210,2,"Ella","Oliver","ella.oliver@sakilacustomer.org",214,True,"2006-02-14","2023-04-27 06:36:13.898402",1,"E.O."
211,1,"Stacey","Montgomery","stacey.montgomery@sakilacustomer.org",215,True,"2006-02-14","2023-04-27 06:36:13.898402",1,"S.M."
212,2,"Wilma","Richards","wilma.richards@sakilacustomer.org",216,True,"2006-02-14","2023-04-27 06:36:13.898402",1,"W.R."
213,1,"Gina","Williamson","gina.williamson@sakilacustomer.org",217,True,"2006-02-14","2023-04-27 06:36:13.898402",1,"G.W."
214,1,"Kristin","Johnston","kristin.johnston@sakilacustomer.org",218,True,"2006-02-14","2023-04-27 06:36:13.898402",1,"K.J."
215,2,"Jessie","Banks","jessie.banks@sakilacustomer.org",219,True,"2006-02-14","2023-04-27 06:36:13.898402",1,"J.B."
216,1,"Natalie","Meyer","natalie.meyer@sakilacustomer.org",220,True,"2006-02-14","2023-04-27 06:36:13.898402",1,"N.M."
217,2,"Agnes","Bishop","agnes.bishop@sakilacustomer.org",221,True,"2006-02-14","2023-04-27 06:36:13.898402",1,"A.B."
218,1,"Vera","Mccoy","vera.mccoy@sakilacustomer.org",222,True,"2006-02-14","2023-04-27 06:36:13.898402",1,"V.M."
219,2,"Willie","Howell","willie.howell@sakilacustomer.org",223,True,"2006-02-14","2023-04-27 06:36:13.898402",1,"W.H."
220,2,"Charlene","Alvarez","charlene.alvarez@sakilacustomer.org",224,True,"2006-02-14","2023-04-27 06:36:13.898402",1,"C.A."
221,1,"Bessie","Morrison","bessie.morrison@sakilacustomer.org",225,True,"2006-02-14","2023-04-27 06:36:13.898402",1,"B.M."
222,2,"Delores","Hansen","delores.hansen@sakilacustomer.org",226,True,"2006-02-14","2023-04-27 06:36:13.898402",1,"D.H."
223,1,"Melinda","Fernandez","melinda.fernandez@sakilacustomer.org",227,True,"2006-02-14","2023-04-27 06:36:13.898402",1,"M.F."
224,2,"Pearl","Garza","pearl.garza@sakilacustomer.org",228,True,"2006-02-14","2023-04-27 06:36:13.898402",1,"P.G."
225,1,"Arlene","Harvey","arlene.harvey@sakilacustomer.org",229,True,"2006-02-14","2023-04-27 06:36:13.898402",1,"A.H."
226,2,"Maureen","Little","maureen.little@sakilacustomer.org",230,True,"2006-02-14","2023-04-27 06:36:13.898402",1,"M.L."
227,1,"Colleen","Burton","colleen.burton@sakilacustomer.org",231,True,"2006-02-14","2023-04-27 06:36:13.898402",1,"C.B."
228,2,"Allison","Stanley","allison.stanley@sakilacustomer.org",232,True,"2006-02-14","2023-04-27 06:36:13.898402",1,"A.S."
229,1,"Tamara","Nguyen","tamara.nguyen@sakilacustomer.org",233,True,"2006-02-14","2023-04-27 06:36:13.898402",1,"T.N."
230,2,"Joy","George","joy.george@sakilacustomer.org",234,True,"2006-02-14","2023-04-27 06:36:13.898402",1,"J.G."
231,1,"Georgia","Jacobs","georgia.jacobs@sakilacustomer.org",235,True,"2006-02-14","2023-04-27 06:36:13.898402",1,"G.J."
232,2,"Constance","Reid","constance.reid@sakilacustomer.org",236,True,"2006-02-14","2023-04-27 06:36:13.898402",1,"C.R."
233,2,"Lillie","Kim","lillie.kim@sakilacustomer.org",237,True,"2006-02-14","2023-04-27 06:36:13.898402",1,"L.K."
234,1,"Claudia","Fuller","claudia.fuller@sakilacustomer.org",238,True,"2006-02-14","2023-04-27 06:36:13.898402",1,"C.F."
235,1,"Jackie","Lynch","jackie.lynch@sakilacustomer.org",239,True,"2006-02-14","2023-04-27 06:36:13.898402",1,"J.L."
236,1,"Marcia","Dean","marcia.dean@sakilacustomer.org",240,True,"2006-02-14","2023-04-27 06:36:13.898402",1,"M.D."
237,1,"Tanya","Gilbert","tanya.gilbert@sakilacustomer.org",241,True,"2006-02-14","2023-04-27 06:36:13.898402",1,"T.G."
238,1,"Nellie","Garrett","nellie.garrett@sakilacustomer.org",242,True,"2006-02-14","2023-04-27 06:36:13.898402",1,"N.G."
239,2,"Minnie","Romero","minnie.romero@sakilacustomer.org",243,True,"2006-02-14","2023-04-27 06:36:13.898402",1,"M.R."
240,1,"Marlene","Welch","marlene.welch@sakilacustomer.org",244,True,"2006-02-14","2023-04-27 06:36:13.898402",1,"M.W."
241,2,"Heidi","Larson","heidi.larson@sakilacustomer.org",245,True,"2006-02-14","2023-04-27 06:36:13.898402",0,"H.L."
242,1,"Glenda","Frazier","glenda.frazier@sakilacustomer.org",246,True,"2006-02-14","2023-04-27 06:36:13.898402",1,"G.F."
243,1,"Lydia","Burke","lydia.burke@sakilacustomer.org",247,True,"2006-02-14","2023-04-27 06:36:13.898402",1,"L.B."
244,2,"Viola","Hanson","viola.hanson@sakilacustomer.org",248,True,"2006-02-14","2023-04-27 06:36:13.898402",1,"V.H."
245,1,"Courtney","Day","courtney.day@sakilacustomer.org",249,True,"2006-02-14","2023-04-27 06:36:13.898402",1,"C.D."
246,1,"Marian","Mendoza","marian.mendoza@sakilacustomer.org",250,True,"2006-02-14","2023-04-27 06:36:13.898402",1,"M.M."
247,1,"Stella","Moreno","stella.moreno@sakilacustomer.org",251,True,"2006-02-14","2023-04-27 06:36:13.898402",1,"S.M."
248,1,"Caroline","Bowman","caroline.bowman@sakilacustomer.org",252,True,"2006-02-14","2023-04-27 06:36:13.898402",1,"C.B."
249,2,"Dora","Medina","dora.medina@sakilacustomer.org",253,True,"2006-02-14","2023-04-27 06:36:13.898402",1,"D.M."
250,2,"Jo","Fowler","jo.fowler@sakilacustomer.org",254,True,"2006-02-14","2023-04-27 06:36:13.898402",1,"J.F."
251,2,"Vickie","Brewer","vickie.brewer@sakilacustomer.org",255,True,"2006-02-14","2023-04-27 06:36:13.898402",1,"V.B."
252,2,"Mattie","Hoffman","mattie.hoffman@sakilacustomer.org",256,True,"2006-02-14","2023-04-27 06:36:13.898402",1,"M.H."
253,1,"Terry","Carlson","terry.carlson@sakilacustomer.org",258,True,"2006-02-14","2023-04-27 06:36:13.898402",1,"T.C."
254,2,"Maxine","Silva","maxine.silva@sakilacustomer.org",259,True,"2006-02-14","2023-04-27 06:36:13.898402",1,"M.S."
255,2,"Irma","Pearson","irma.pearson@sakilacustomer.org",260,True,"2006-02-14","2023-04-27 06:36:13.898402",1,"I.P."
256,2,"Mabel","Holland","mabel.holland@sakilacustomer.org",261,True,"2006-02-14","2023-04-27 06:36:13.898402",1,"M.H."
257,2,"Marsha","Douglas","marsha.douglas@sakilacustomer.org",262,True,"2006-02-14","2023-04-27 06:36:13.898402",1,"M.D."
258,1,"Myrtle","Fleming","myrtle.fleming@sakilacustomer.org",263,True,"2006-02-14","2023-04-27 06:36:13.898402",1,"M.F."
259,2,"Lena","Jensen","lena.jensen@sakilacustomer.org",264,True,"2006-02-14","2023-04-27 06:36:13.898402",1,"L.J."
260,1,"Christy","Vargas","christy.vargas@sakilacustomer.org",265,True,"2006-02-14","2023-04-27 06:36:13.898402",1,"C.V."
261,1,"Deanna","Byrd","deanna.byrd@sakilacustomer.org",266,True,"2006-02-14","2023-04-27 06:36:13.898402",1,"D.B."
262,2,"Patsy","Davidson","patsy.davidson@sakilacustomer.org",267,True,"2006-02-14","2023-04-27 06:36:13.898402",1,"P.D."
263,1,"Hilda","Hopkins","hilda.hopkins@sakilacustomer.org",268,True,"2006-02-14","2023-04-27 06:36:13.898402",1,"H.H."
264,1,"Gwendolyn","May","gwendolyn.may@sakilacustomer.org",269,True,"2006-02-14","2023-04-27 06:36:13.898402",1,"G.M."
265,2,"Jennie","Terry","jennie.terry@sakilacustomer.org",270,True,"2006-02-14","2023-04-27 06:36:13.898402",1,"J.T."
266,2,"Nora","Herrera","nora.herrera@sakilacustomer.org",271,True,"2006-02-14","2023-04-27 06:36:13.898402",1,"N.H."
267,1,"Margie","Wade","margie.wade@sakilacustomer.org",272,True,"2006-02-14","2023-04-27 06:36:13.898402",1,"M.W."
268,1,"Nina","Soto","nina.soto@sakilacustomer.org",273,True,"2006-02-14","2023-04-27 06:36:13.898402",1,"N.S."
269,1,"Cassandra","Walters","cassandra.walters@sakilacustomer.org",274,True,"2006-02-14","2023-04-27 06:36:13.898402",1,"C.W."
270,1,"Leah","Curtis","leah.curtis@sakilacustomer.org",275,True,"2006-02-14","2023-04-27 06:36:13.898402",1,"L.C."
271,1,"Penny","Neal","penny.neal@sakilacustomer.org",276,True,"2006-02-14","2023-04-27 06:36:13.898402",0,"P.N."
272,1,"Kay","Caldwell","kay.caldwell@sakilacustomer.org",277,True,"2006-02-14","2023-04-27 06:36:13.898402",1,"K.C."
273,2,"Priscilla","Lowe","priscilla.lowe@sakilacustomer.org",278,True,"2006-02-14","2023-04-27 06:36:13.898402",1,"P.L."
274,1,"Naomi","Jennings","naomi.jennings@sakilacustomer.org",279,True,"2006-02-14","2023-04-27 06:36:13.898402",1,"N.J."
275,2,"Carole","Barnett","carole.barnett@sakilacustomer.org",280,True,"2006-02-14","2023-04-27 06:36:13.898402",1,"C.B."
276,1,"Brandy","Graves","brandy.graves@sakilacustomer.org",281,True,"2006-02-14","2023-04-27 06:36:13.898402",1,"B.G."
277,2,"Olga","Jimenez","olga.jimenez@sakilacustomer.org",282,True,"2006-02-14","2023-04-27 06:36:13.898402",1,"O.J."
278,2,"Billie","Horton","billie.horton@sakilacustomer.org",283,True,"2006-02-14","2023-04-27 06:36:13.898402",1,"B.H."
279,2,"Dianne","Shelton","dianne.shelton@sakilacustomer.org",284,True,"2006-02-14","2023-04-27 06:36:13.898402",1,"D.S."
280,2,"Tracey","Barrett","tracey.barrett@sakilacustomer.org",285,True,"2006-02-14","2023-04-27 06:36:13.898402",1,"T.B."
281,2,"Leona","Obrien","leona.obrien@sakilacustomer.org",286,True,"2006-02-14","2023-04-27 06:36:13.898402",1,"L.O."
282,2,"Jenny","Castro","jenny.castro@sakilacustomer.org",287,True,"2006-02-14","2023-04-27 06:36:13.898402",1,"J.C."
283,1,"Felicia","Sutton","felicia.sutton@sakilacustomer.org",288,True,"2006-02-14","2023-04-27 06:36:13.898402",1,"F.S."
284,1,"Sonia","Gregory","sonia.gregory@sakilacustomer.org",289,True,"2006-02-14","2023-04-27 06:36:13.898402",1,"S.G."
285,1,"Miriam","Mckinney","miriam.mckinney@sakilacustomer.org",290,True,"2006-02-14","2023-04-27 06:36:13.898402",1,"M.M."
286,1,"Velma","Lucas","velma.lucas@sakilacustomer.org",291,True,"2006-02-14","2023-04-27 06:36:13.898402",1,"V.L."
287,2,"Becky","Miles","becky.miles@sakilacustomer.org",292,True,"2006-02-14","2023-04-27 06:36:13.898402",1,"B.M."
288,1,"Bobbie","Craig","bobbie.craig@sakilacustomer.org",293,True,"2006-02-14","2023-04-27 06:36:13.898402",1,"B.C."
289,1,"Violet","Rodriquez","violet.rodriquez@sakilacustomer.org",294,True,"2006-02-14","2023-04-27 06:36:13.898402",1,"V.R."
290,1,"Kristina","Chambers","kristina.chambers@sakilacustomer.org",295,True,"2006-02-14","2023-04-27 06:36:13.898402",1,"K.C."
291,1,"Toni","Holt","toni.holt@sakilacustomer.org",296,True,"2006-02-14","2023-04-27 06:36:13.898402",1,"T.H."
292,2,"Misty","Lambert","misty.lambert@sakilacustomer.org",297,True,"2006-02-14","2023-04-27 06:36:13.898402",1,"M.L."
293,2,"Mae","Fletcher","mae.fletcher@sakilacustomer.org",298,True,"2006-02-14","2023-04-27 06:36:13.898402",1,"M.F."
294,2,"Shelly","Watts","shelly.watts@sakilacustomer.org",299,True,"2006-02-14","2023-04-27 06:36:13.898402",1,"S.W."
295,1,"Daisy","Bates","daisy.bates@sakilacustomer.org",300,True,"2006-02-14","2023-04-27 06:36:13.898402",1,"D.B."
296,2,"Ramona","Hale","ramona.hale@sakilacustomer.org",301,True,"2006-02-14","2023-04-27 06:36:13.898402",1,"R.H."
297,1,"Sherri","Rhodes","sherri.rhodes@sakilacustomer.org",302,True,"2006-02-14","2023-04-27 06:36:13.898402",1,"S.R."
298,1,"Erika","Pena","erika.pena@sakilacustomer.org",303,True,"2006-02-14","2023-04-27 06:36:13.898402",1,"E.P."
299,2,"James","Gannon","james.gannon@sakilacustomer.org",304,True,"2006-02-14","2023-04-27 06:36:13.898402",1,"J.G."
300,1,"John","Farnsworth","john.farnsworth@sakilacustomer.org",305,True,"2006-02-14","2023-04-27 06:36:13.898402",1,"J.F."
301,2,"Robert","Baughman","robert.baughman@sakilacustomer.org",306,True,"2006-02-14","2023-04-27 06:36:13.898402",1,"R.B."
302,1,"Michael","Silverman","michael.silverman@sakilacustomer.org",307,True,"2006-02-14","2023-04-27 06:36:13.898402",1,"M.S."
303,2,"William","Satterfield","william.satterfield@sakilacustomer.org",308,True,"2006-02-14","2023-04-27 06:36:13.898402",1,"W.S."
304,2,"David","Royal","david.royal@sakilacustomer.org",309,True,"2006-02-14","2023-04-27 06:36:13.898402",1,"D.R."
305,1,"Richard","Mccrary","richard.mccrary@sakilacustomer.org",310,True,"2006-02-14","2023-04-27 06:36:13.898402",1,"R.M."
306,1,"Charles","Kowalski","charles.kowalski@sakilacustomer.org",311,True,"2006-02-14","2023-04-27 06:36:13.898402",1,"C.K."
307,2,"Joseph","Joy","joseph.joy@sakilacustomer.org",312,True,"2006-02-14","2023-04-27 06:36:13.898402",1,"J.J."
308,1,"Thomas","Grigsby","thomas.grigsby@sakilacustomer.org",313,True,"2006-02-14","2023-04-27 06:36:13.898402",1,"T.G."
309,1,"Christopher","Greco","christopher.greco@sakilacustomer.org",314,True,"2006-02-14","2023-04-27 06:36:13.898402",1,"C.G."
310,2,"Daniel","Cabral","daniel.cabral@sakilacustomer.org",315,True,"2006-02-14","2023-04-27 06:36:13.898402",1,"D.C."
311,2,"Paul","Trout","paul.trout@sakilacustomer.org",316,True,"2006-02-14","2023-04-27 06:36:13.898402",1,"P.T."
312,2,"Mark","Rinehart","mark.rinehart@sakilacustomer.org",317,True,"2006-02-14","2023-04-27 06:36:13.898402",1,"M.R."
313,2,"Donald","Mahon","donald.mahon@sakilacustomer.org",318,True,"2006-02-14","2023-04-27 06:36:13.898402",1,"D.M."
314,1,"George","Linton","george.linton@sakilacustomer.org",319,True,"2006-02-14","2023-04-27 06:36:13.898402",1,"G.L."
315,2,"Kenneth","Gooden","kenneth.gooden@sakilacustomer.org",320,True,"2006-02-14","2023-04-27 06:36:13.898402",0,"K.G."
316,1,"Steven","Curley","steven.curley@sakilacustomer.org",321,True,"2006-02-14","2023-04-27 06:36:13.898402",1,"S.C."
317,2,"Edward","Baugh","edward.baugh@sakilacustomer.org",322,True,"2006-02-14","2023-04-27 06:36:13.898402",1,"E.B."
318,1,"Brian","Wyman","brian.wyman@sakilacustomer.org",323,True,"2006-02-14","2023-04-27 06:36:13.898402",1,"B.W."
319,2,"Ronald","Weiner","ronald.weiner@sakilacustomer.org",324,True,"2006-02-14","2023-04-27 06:36:13.898402",1,"R.W."
320,2,"Anthony","Schwab","anthony.schwab@sakilacustomer.org",325,True,"2006-02-14","2023-04-27 06:36:13.898402",1,"A.S."
321,1,"Kevin","Schuler","kevin.schuler@sakilacustomer.org",326,True,"2006-02-14","2023-04-27 06:36:13.898402",1,"K.S."
322,1,"Jason","Morrissey","jason.morrissey@sakilacustomer.org",327,True,"2006-02-14","2023-04-27 06:36:13.898402",1,"J.M."
323,2,"Matthew","Mahan","matthew.mahan@sakilacustomer.org",328,True,"2006-02-14","2023-04-27 06:36:13.898402",1,"M.M."
324,2,"Gary","Coy","gary.coy@sakilacustomer.org",329,True,"2006-02-14","2023-04-27 06:36:13.898402",1,"G.C."
325,1,"Timothy","Bunn","timothy.bunn@sakilacustomer.org",330,True,"2006-02-14","2023-04-27 06:36:13.898402",1,"T.B."
326,1,"Jose","Andrew","jose.andrew@sakilacustomer.org",331,True,"2006-02-14","2023-04-27 06:36:13.898402",1,"J.A."
327,2,"Larry","Thrasher","larry.thrasher@sakilacustomer.org",332,True,"2006-02-14","2023-04-27 06:36:13.898402",1,"L.T."
328,2,"Jeffrey","Spear","jeffrey.spear@sakilacustomer.org",333,True,"2006-02-14","2023-04-27 06:36:13.898402",1,"J.S."
329,2,"Frank","Waggoner","frank.waggoner@sakilacustomer.org",334,True,"2006-02-14","2023-04-27 06:36:13.898402",1,"F.W."
330,1,"Scott","Shelley","scott.shelley@sakilacustomer.org",335,True,"2006-02-14","2023-04-27 06:36:13.898402",1,"S.S."
331,1,"Eric","Robert","eric.robert@sakilacustomer.org",336,True,"2006-02-14","2023-04-27 06:36:13.898402",1,"E.R."
332,1,"Stephen","Qualls","stephen.qualls@sakilacustomer.org",337,True,"2006-02-14","2023-04-27 06:36:13.898402",1,"S.Q."
333,2,"Andrew","Purdy","andrew.purdy@sakilacustomer.org",338,True,"2006-02-14","2023-04-27 06:36:13.898402",1,"A.P."
334,2,"Raymond","Mcwhorter","raymond.mcwhorter@sakilacustomer.org",339,True,"2006-02-14","2023-04-27 06:36:13.898402",1,"R.M."
335,1,"Gregory","Mauldin","gregory.mauldin@sakilacustomer.org",340,True,"2006-02-14","2023-04-27 06:36:13.898402",1,"G.M."
336,1,"Joshua","Mark","joshua.mark@sakilacustomer.org",341,True,"2006-02-14","2023-04-27 06:36:13.898402",1,"J.M."
337,1,"Jerry","Jordon","jerry.jordon@sakilacustomer.org",342,True,"2006-02-14","2023-04-27 06:36:13.898402",1,"J.J."
338,1,"Dennis","Gilman","dennis.gilman@sakilacustomer.org",343,True,"2006-02-14","2023-04-27 06:36:13.898402",1,"D.G."
339,2,"Walter","Perryman","walter.perryman@sakilacustomer.org",344,True,"2006-02-14","2023-04-27 06:36:13.898402",1,"W.P."
340,1,"Patrick","Newsom","patrick.newsom@sakilacustomer.org",345,True,"2006-02-14","2023-04-27 06:36:13.898402",1,"P.N."
341,1,"Peter","Menard","peter.menard@sakilacustomer.org",346,True,"2006-02-14","2023-04-27 06:36:13.898402",1,"P.M."
342,1,"Harold","Martino","harold.martino@sakilacustomer.org",347,True,"2006-02-14","2023-04-27 06:36:13.898402",1,"H.M."
343,1,"Douglas","Graf","douglas.graf@sakilacustomer.org",348,True,"2006-02-14","2023-04-27 06:36:13.898402",1,"D.G."
344,1,"Henry","Billingsley","henry.billingsley@sakilacustomer.org",349,True,"2006-02-14","2023-04-27 06:36:13.898402",1,"H.B."
345,1,"Carl","Artis","carl.artis@sakilacustomer.org",350,True,"2006-02-14","2023-04-27 06:36:13.898402",1,"C.A."
346,1,"Arthur","Simpkins","arthur.simpkins@sakilacustomer.org",351,True,"2006-02-14","2023-04-27 06:36:13.898402",1,"A.S."
347,2,"Ryan","Salisbury","ryan.salisbury@sakilacustomer.org",352,True,"2006-02-14","2023-04-27 06:36:13.898402",1,"R.S."
348,2,"Roger","Quintanilla","roger.quintanilla@sakilacustomer.org",353,True,"2006-02-14","2023-04-27 06:36:13.898402",1,"R.Q."
349,2,"Joe","Gilliland","joe.gilliland@sakilacustomer.org",354,True,"2006-02-14","2023-04-27 06:36:13.898402",1,"J.G."
350,1,"Juan","Fraley","juan.fraley@sakilacustomer.org",355,True,"2006-02-14","2023-04-27 06:36:13.898402",1,"J.F."
351,1,"Jack","Foust","jack.foust@sakilacustomer.org",356,True,"2006-02-14","2023-04-27 06:36:13.898402",1,"J.F."
352,1,"Albert","Crouse","albert.crouse@sakilacustomer.org",357,True,"2006-02-14","2023-04-27 06:36:13.898402",1,"A.C."
353,1,"Jonathan","Scarborough","jonathan.scarborough@sakilacustomer.org",358,True,"2006-02-14","2023-04-27 06:36:13.898402",1,"J.S."
354,2,"Justin","Ngo","justin.ngo@sakilacustomer.org",359,True,"2006-02-14","2023-04-27 06:36:13.898402",1,"J.N."
355,2,"Terry","Grissom","terry.grissom@sakilacustomer.org",360,True,"2006-02-14","2023-04-27 06:36:13.898402",1,"T.G."
356,2,"Gerald","Fultz","gerald.fultz@sakilacustomer.org",361,True,"2006-02-14","2023-04-27 06:36:13.898402",1,"G.F."
357,1,"Keith","Rico","keith.rico@sakilacustomer.org",362,True,"2006-02-14","2023-04-27 06:36:13.898402",1,"K.R."
358,2,"Samuel","Marlow","samuel.marlow@sakilacustomer.org",363,True,"2006-02-14","2023-04-27 06:36:13.898402",1,"S.M."
359,2,"Willie","Markham","willie.markham@sakilacustomer.org",364,True,"2006-02-14","2023-04-27 06:36:13.898402",1,"W.M."
360,2,"Ralph","Madrigal","ralph.madrigal@sakilacustomer.org",365,True,"2006-02-14","2023-04-27 06:36:13.898402",1,"R.M."
361,2,"Lawrence","Lawton","lawrence.lawton@sakilacustomer.org",366,True,"2006-02-14","2023-04-27 06:36:13.898402",1,"L.L."
362,1,"Nicholas","Barfield","nicholas.barfield@sakilacustomer.org",367,True,"2006-02-14","2023-04-27 06:36:13.898402",1,"N.B."
363,2,"Roy","Whiting","roy.whiting@sakilacustomer.org",368,True,"2006-02-14","2023-04-27 06:36:13.898402",1,"R.W."
364,1,"Benjamin","Varney","benjamin.varney@sakilacustomer.org",369,True,"2006-02-14","2023-04-27 06:36:13.898402",1,"B.V."
365,2,"Bruce","Schwarz","bruce.schwarz@sakilacustomer.org",370,True,"2006-02-14","2023-04-27 06:36:13.898402",1,"B.S."
366,1,"Brandon","Huey","brandon.huey@sakilacustomer.org",371,True,"2006-02-14","2023-04-27 06:36:13.898402",1,"B.H."
367,1,"Adam","Gooch","adam.gooch@sakilacustomer.org",372,True,"2006-02-14","2023-04-27 06:36:13.898402",1,"A.G."
368,1,"Harry","Arce","harry.arce@sakilacustomer.org",373,True,"2006-02-14","2023-04-27 06:36:13.898402",0,"H.A."
369,2,"Fred","Wheat","fred.wheat@sakilacustomer.org",374,True,"2006-02-14","2023-04-27 06:36:13.898402",1,"F.W."
370,2,"Wayne","Truong","wayne.truong@sakilacustomer.org",375,True,"2006-02-14","2023-04-27 06:36:13.898402",1,"W.T."
371,1,"Billy","Poulin","billy.poulin@sakilacustomer.org",376,True,"2006-02-14","2023-04-27 06:36:13.898402",1,"B.P."
372,2,"Steve","Mackenzie","steve.mackenzie@sakilacustomer.org",377,True,"2006-02-14","2023-04-27 06:36:13.898402",1,"S.M."
373,1,"Louis","Leone","louis.leone@sakilacustomer.org",378,True,"2006-02-14","2023-04-27 06:36:13.898402",1,"L.L."
374,2,"Jeremy","Hurtado","jeremy.hurtado@sakilacustomer.org",379,True,"2006-02-14","2023-04-27 06:36:13.898402",1,"J.H."
375,2,"Aaron","Selby","aaron.selby@sakilacustomer.org",380,True,"2006-02-14","2023-04-27 06:36:13.898402",1,"A.S."
376,1,"Randy","Gaither","randy.gaither@sakilacustomer.org",381,True,"2006-02-14","2023-04-27 06:36:13.898402",1,"R.G."
377,1,"Howard","Fortner","howard.fortner@sakilacustomer.org",382,True,"2006-02-14","2023-04-27 06:36:13.898402",1,"H.F."
378,1,"Eugene","Culpepper","eugene.culpepper@sakilacustomer.org",383,True,"2006-02-14","2023-04-27 06:36:13.898402",1,"E.C."
379,1,"Carlos","Coughlin","carlos.coughlin@sakilacustomer.org",384,True,"2006-02-14","2023-04-27 06:36:13.898402",1,"C.C."
380,1,"Russell","Brinson","russell.brinson@sakilacustomer.org",385,True,"2006-02-14","2023-04-27 06:36:13.898402",1,"R.B."
381,2,"Bobby","Boudreau","bobby.boudreau@sakilacustomer.org",386,True,"2006-02-14","2023-04-27 06:36:13.898402",1,"B.B."
382,2,"Victor","Barkley","victor.barkley@sakilacustomer.org",387,True,"2006-02-14","2023-04-27 06:36:13.898402",1,"V.B."
383,1,"Martin","Bales","martin.bales@sakilacustomer.org",388,True,"2006-02-14","2023-04-27 06:36:13.898402",1,"M.B."
384,2,"Ernest","Stepp","ernest.stepp@sakilacustomer.org",389,True,"2006-02-14","2023-04-27 06:36:13.898402",1,"E.S."
385,1,"Phillip","Holm","phillip.holm@sakilacustomer.org",390,True,"2006-02-14","2023-04-27 06:36:13.898402",1,"P.H."
386,1,"Todd","Tan","todd.tan@sakilacustomer.org",391,True,"2006-02-14","2023-04-27 06:36:13.898402",1,"T.T."
387,2,"Jesse","Schilling","jesse.schilling@sakilacustomer.org",392,True,"2006-02-14","2023-04-27 06:36:13.898402",1,"J.S."
388,2,"Craig","Morrell","craig.morrell@sakilacustomer.org",393,True,"2006-02-14","2023-04-27 06:36:13.898402",1,"C.M."
389,1,"Alan","Kahn","alan.kahn@sakilacustomer.org",394,True,"2006-02-14","2023-04-27 06:36:13.898402",1,"A.K."
390,1,"Shawn","Heaton","shawn.heaton@sakilacustomer.org",395,True,"2006-02-14","2023-04-27 06:36:13.898402",1,"S.H."
391,1,"Clarence","Gamez","clarence.gamez@sakilacustomer.org",396,True,"2006-02-14","2023-04-27 06:36:13.898402",1,"C.G."
392,2,"Sean","Douglass","sean.douglass@sakilacustomer.org",397,True,"2006-02-14","2023-04-27 06:36:13.898402",1,"S.D."
393,1,"Philip","Causey","philip.causey@sakilacustomer.org",398,True,"2006-02-14","2023-04-27 06:36:13.898402",1,"P.C."
394,2,"Chris","Brothers","chris.brothers@sakilacustomer.org",399,True,"2006-02-14","2023-04-27 06:36:13.898402",1,"C.B."
395,2,"Johnny","Turpin","johnny.turpin@sakilacustomer.org",400,True,"2006-02-14","2023-04-27 06:36:13.898402",1,"J.T."
396,1,"Earl","Shanks","earl.shanks@sakilacustomer.org",401,True,"2006-02-14","2023-04-27 06:36:13.898402",1,"E.S."
397,1,"Jimmy","Schrader","jimmy.schrader@sakilacustomer.org",402,True,"2006-02-14","2023-04-27 06:36:13.898402",1,"J.S."
398,1,"Antonio","Meek","antonio.meek@sakilacustomer.org",403,True,"2006-02-14","2023-04-27 06:36:13.898402",1,"A.M."
399,1,"Danny","Isom","danny.isom@sakilacustomer.org",404,True,"2006-02-14","2023-04-27 06:36:13.898402",1,"D.I."
400,2,"Bryan","Hardison","bryan.hardison@sakilacustomer.org",405,True,"2006-02-14","2023-04-27 06:36:13.898402",1,"B.H."
401,2,"Tony","Carranza","tony.carranza@sakilacustomer.org",406,True,"2006-02-14","2023-04-27 06:36:13.898402",1,"T.C."
402,1,"Luis","Yanez","luis.yanez@sakilacustomer.org",407,True,"2006-02-14","2023-04-27 06:36:13.898402",1,"L.Y."
403,1,"Mike","Way","mike.way@sakilacustomer.org",408,True,"2006-02-14","2023-04-27 06:36:13.898402",1,"M.W."
404,2,"Stanley","Scroggins","stanley.scroggins@sakilacustomer.org",409,True,"2006-02-14","2023-04-27 06:36:13.898402",1,"S.S."
405,1,"Leonard","Schofield","leonard.schofield@sakilacustomer.org",410,True,"2006-02-14","2023-04-27 06:36:13.898402",1,"L.S."
406,1,"Nathan","Runyon","nathan.runyon@sakilacustomer.org",411,True,"2006-02-14","2023-04-27 06:36:13.898402",0,"N.R."
407,1,"Dale","Ratcliff","dale.ratcliff@sakilacustomer.org",412,True,"2006-02-14","2023-04-27 06:36:13.898402",1,"D.R."
408,1,"Manuel","Murrell","manuel.murrell@sakilacustomer.org",413,True,"2006-02-14","2023-04-27 06:36:13.898402",1,"M.M."
409,2,"Rodney","Moeller","rodney.moeller@sakilacustomer.org",414,True,"2006-02-14","2023-04-27 06:36:13.898402",1,"R.M."
410,2,"Curtis","Irby","curtis.irby@sakilacustomer.org",415,True,"2006-02-14","2023-04-27 06:36:13.898402",1,"C.I."
411,1,"Norman","Currier","norman.currier@sakilacustomer.org",416,True,"2006-02-14","2023-04-27 06:36:13.898402",1,"N.C."
412,2,"Allen","Butterfield","allen.butterfield@sakilacustomer.org",417,True,"2006-02-14","2023-04-27 06:36:13.898402",1,"A.B."
413,2,"Marvin","Yee","marvin.yee@sakilacustomer.org",418,True,"2006-02-14","2023-04-27 06:36:13.898402",1,"M.Y."
414,1,"Vincent","Ralston","vincent.ralston@sakilacustomer.org",419,True,"2006-02-14","2023-04-27 06:36:13.898402",1,"V.R."
415,1,"Glenn","Pullen","glenn.pullen@sakilacustomer.org",420,True,"2006-02-14","2023-04-27 06:36:13.898402",1,"G.P."
416,2,"Jeffery","Pinson","jeffery.pinson@sakilacustomer.org",421,True,"2006-02-14","2023-04-27 06:36:13.898402",1,"J.P."
417,1,"Travis","Estep","travis.estep@sakilacustomer.org",422,True,"2006-02-14","2023-04-27 06:36:13.898402",1,"T.E."
418,2,"Jeff","East","jeff.east@sakilacustomer.org",423,True,"2006-02-14","2023-04-27 06:36:13.898402",1,"J.E."
419,1,"Chad","Carbone","chad.carbone@sakilacustomer.org",424,True,"2006-02-14","2023-04-27 06:36:13.898402",1,"C.C."
420,1,"Jacob","Lance","jacob.lance@sakilacustomer.org",425,True,"2006-02-14","2023-04-27 06:36:13.898402",1,"J.L."
421,1,"Lee","Hawks","lee.hawks@sakilacustomer.org",426,True,"2006-02-14","2023-04-27 06:36:13.898402",1,"L.H."
422,1,"Melvin","Ellington","melvin.ellington@sakilacustomer.org",427,True,"2006-02-14","2023-04-27 06:36:13.898402",1,"M.E."
423,2,"Alfred","Casillas","alfred.casillas@sakilacustomer.org",428,True,"2006-02-14","2023-04-27 06:36:13.898402",1,"A.C."
424,2,"Kyle","Spurlock","kyle.spurlock@sakilacustomer.org",429,True,"2006-02-14","2023-04-27 06:36:13.898402",1,"K.S."
425,2,"Francis","Sikes","francis.sikes@sakilacustomer.org",430,True,"2006-02-14","2023-04-27 06:36:13.898402",1,"F.S."
426,1,"Bradley","Motley","bradley.motley@sakilacustomer.org",431,True,"2006-02-14","2023-04-27 06:36:13.898402",1,"B.M."
427,2,"Jesus","Mccartney","jesus.mccartney@sakilacustomer.org",432,True,"2006-02-14","2023-04-27 06:36:13.898402",1,"J.M."
428,2,"Herbert","Kruger","herbert.kruger@sakilacustomer.org",433,True,"2006-02-14","2023-04-27 06:36:13.898402",1,"H.K."
429,2,"Frederick","Isbell","frederick.isbell@sakilacustomer.org",434,True,"2006-02-14","2023-04-27 06:36:13.898402",1,"F.I."
430,1,"Ray","Houle","ray.houle@sakilacustomer.org",435,True,"2006-02-14","2023-04-27 06:36:13.898402",1,"R.H."
431,2,"Joel","Francisco","joel.francisco@sakilacustomer.org",436,True,"2006-02-14","2023-04-27 06:36:13.898402",1,"J.F."
432,1,"Edwin","Burk","edwin.burk@sakilacustomer.org",437,True,"2006-02-14","2023-04-27 06:36:13.898402",1,"E.B."
433,1,"Don","Bone","don.bone@sakilacustomer.org",438,True,"2006-02-14","2023-04-27 06:36:13.898402",1,"D.B."
434,1,"Eddie","Tomlin","eddie.tomlin@sakilacustomer.org",439,True,"2006-02-14","2023-04-27 06:36:13.898402",1,"E.T."
435,2,"Ricky","Shelby","ricky.shelby@sakilacustomer.org",440,True,"2006-02-14","2023-04-27 06:36:13.898402",1,"R.S."
436,1,"Troy","Quigley","troy.quigley@sakilacustomer.org",441,True,"2006-02-14","2023-04-27 06:36:13.898402",1,"T.Q."
437,2,"Randall","Neumann","randall.neumann@sakilacustomer.org",442,True,"2006-02-14","2023-04-27 06:36:13.898402",1,"R.N."
438,1,"Barry","Lovelace","barry.lovelace@sakilacustomer.org",443,True,"2006-02-14","2023-04-27 06:36:13.898402",1,"B.L."
439,2,"Alexander","Fennell","alexander.fennell@sakilacustomer.org",444,True,"2006-02-14","2023-04-27 06:36:13.898402",1,"A.F."
440,1,"Bernard","Colby","bernard.colby@sakilacustomer.org",445,True,"2006-02-14","2023-04-27 06:36:13.898402",1,"B.C."
441,1,"Mario","Cheatham","mario.cheatham@sakilacustomer.org",446,True,"2006-02-14","2023-04-27 06:36:13.898402",1,"M.C."
442,1,"Leroy","Bustamante","leroy.bustamante@sakilacustomer.org",447,True,"2006-02-14","2023-04-27 06:36:13.898402",1,"L.B."
443,2,"Francisco","Skidmore","francisco.skidmore@sakilacustomer.org",448,True,"2006-02-14","2023-04-27 06:36:13.898402",1,"F.S."
444,2,"Marcus","Hidalgo","marcus.hidalgo@sakilacustomer.org",449,True,"2006-02-14","2023-04-27 06:36:13.898402",1,"M.H."
445,1,"Micheal","Forman","micheal.forman@sakilacustomer.org",450,True,"2006-02-14","2023-04-27 06:36:13.898402",1,"M.F."
446,2,"Theodore","Culp","theodore.culp@sakilacustomer.org",451,True,"2006-02-14","2023-04-27 06:36:13.898402",0,"T.C."
447,1,"Clifford","Bowens","clifford.bowens@sakilacustomer.org",452,True,"2006-02-14","2023-04-27 06:36:13.898402",1,"C.B."
448,1,"Miguel","Betancourt","miguel.betancourt@sakilacustomer.org",453,True,"2006-02-14","2023-04-27 06:36:13.898402",1,"M.B."
449,2,"Oscar","Aquino","oscar.aquino@sakilacustomer.org",454,True,"2006-02-14","2023-04-27 06:36:13.898402",1,"O.A."
450,1,"Jay","Robb","jay.robb@sakilacustomer.org",455,True,"2006-02-14","2023-04-27 06:36:13.898402",1,"J.R."
451,1,"Jim","Rea","jim.rea@sakilacustomer.org",456,True,"2006-02-14","2023-04-27 06:36:13.898402",1,"J.R."
452,1,"Tom","Milner","tom.milner@sakilacustomer.org",457,True,"2006-02-14","2023-04-27 06:36:13.898402",1,"T.M."
453,1,"Calvin","Martel","calvin.martel@sakilacustomer.org",458,True,"2006-02-14","2023-04-27 06:36:13.898402",1,"C.M."
454,2,"Alex","Gresham","alex.gresham@sakilacustomer.org",459,True,"2006-02-14","2023-04-27 06:36:13.898402",1,"A.G."
455,2,"Jon","Wiles","jon.wiles@sakilacustomer.org",460,True,"2006-02-14","2023-04-27 06:36:13.898402",1,"J.W."
456,2,"Ronnie","Ricketts","ronnie.ricketts@sakilacustomer.org",461,True,"2006-02-14","2023-04-27 06:36:13.898402",1,"R.R."
457,2,"Bill","Gavin","bill.gavin@sakilacustomer.org",462,True,"2006-02-14","2023-04-27 06:36:13.898402",1,"B.G."
458,1,"Lloyd","Dowd","lloyd.dowd@sakilacustomer.org",463,True,"2006-02-14","2023-04-27 06:36:13.898402",1,"L.D."
459,1,"Tommy","Collazo","tommy.collazo@sakilacustomer.org",464,True,"2006-02-14","2023-04-27 06:36:13.898402",1,"T.C."
460,1,"Leon","Bostic","leon.bostic@sakilacustomer.org",465,True,"2006-02-14","2023-04-27 06:36:13.898402",1,"L.B."
461,1,"Derek","Blakely","derek.blakely@sakilacustomer.org",466,True,"2006-02-14","2023-04-27 06:36:13.898402",1,"D.B."
462,2,"Warren","Sherrod","warren.sherrod@sakilacustomer.org",467,True,"2006-02-14","2023-04-27 06:36:13.898402",1,"W.S."
463,2,"Darrell","Power","darrell.power@sakilacustomer.org",468,True,"2006-02-14","2023-04-27 06:36:13.898402",1,"D.P."
464,1,"Jerome","Kenyon","jerome.kenyon@sakilacustomer.org",469,True,"2006-02-14","2023-04-27 06:36:13.898402",1,"J.K."
465,1,"Floyd","Gandy","floyd.gandy@sakilacustomer.org",470,True,"2006-02-14","2023-04-27 06:36:13.898402",1,"F.G."
466,1,"Leo","Ebert","leo.ebert@sakilacustomer.org",471,True,"2006-02-14","2023-04-27 06:36:13.898402",1,"L.E."
467,2,"Alvin","Deloach","alvin.deloach@sakilacustomer.org",472,True,"2006-02-14","2023-04-27 06:36:13.898402",1,"A.D."
468,1,"Tim","Cary","tim.cary@sakilacustomer.org",473,True,"2006-02-14","2023-04-27 06:36:13.898402",1,"T.C."
469,2,"Wesley","Bull","wesley.bull@sakilacustomer.org",474,True,"2006-02-14","2023-04-27 06:36:13.898402",1,"W.B."
470,1,"Gordon","Allard","gordon.allard@sakilacustomer.org",475,True,"2006-02-14","2023-04-27 06:36:13.898402",1,"G.A."
471,1,"Dean","Sauer","dean.sauer@sakilacustomer.org",476,True,"2006-02-14","2023-04-27 06:36:13.898402",1,"D.S."
472,1,"Greg","Robins","greg.robins@sakilacustomer.org",477,True,"2006-02-14","2023-04-27 06:36:13.898402",1,"G.R."
473,2,"Jorge","Olivares","jorge.olivares@sakilacustomer.org",478,True,"2006-02-14","2023-04-27 06:36:13.898402",1,"J.O."
474,2,"Dustin","Gillette","dustin.gillette@sakilacustomer.org",479,True,"2006-02-14","2023-04-27 06:36:13.898402",1,"D.G."
475,2,"Pedro","Chestnut","pedro.chestnut@sakilacustomer.org",480,True,"2006-02-14","2023-04-27 06:36:13.898402",1,"P.C."
476,1,"Derrick","Bourque","derrick.bourque@sakilacustomer.org",481,True,"2006-02-14","2023-04-27 06:36:13.898402",1,"D.B."
477,1,"Dan","Paine","dan.paine@sakilacustomer.org",482,True,"2006-02-14","2023-04-27 06:36:13.898402",1,"D.P."
478,1,"Lewis","Lyman","lewis.lyman@sakilacustomer.org",483,True,"2006-02-14","2023-04-27 06:36:13.898402",1,"L.L."
479,1,"Zachary","Hite","zachary.hite@sakilacustomer.org",484,True,"2006-02-14","2023-04-27 06:36:13.898402",1,"Z.H."
480,1,"Corey","Hauser","corey.hauser@sakilacustomer.org",485,True,"2006-02-14","2023-04-27 06:36:13.898402",1,"C.H."
481,1,"Herman","Devore","herman.devore@sakilacustomer.org",486,True,"2006-02-14","2023-04-27 06:36:13.898402",1,"H.D."
482,1,"Maurice","Crawley","maurice.crawley@sakilacustomer.org",487,True,"2006-02-14","2023-04-27 06:36:13.898402",0,"M.C."
483,2,"Vernon","Chapa","vernon.chapa@sakilacustomer.org",488,True,"2006-02-14","2023-04-27 06:36:13.898402",1,"V.C."
484,1,"Roberto","Vu","roberto.vu@sakilacustomer.org",489,True,"2006-02-14","2023-04-27 06:36:13.898402",1,"R.V."
485,1,"Clyde","Tobias","clyde.tobias@sakilacustomer.org",490,True,"2006-02-14","2023-04-27 06:36:13.898402",1,"C.T."
486,1,"Glen","Talbert","glen.talbert@sakilacustomer.org",491,True,"2006-02-14","2023-04-27 06:36:13.898402",1,"G.T."
487,2,"Hector","Poindexter","hector.poindexter@sakilacustomer.org",492,True,"2006-02-14","2023-04-27 06:36:13.898402",1,"H.P."
488,2,"Shane","Millard","shane.millard@sakilacustomer.org",493,True,"2006-02-14","2023-04-27 06:36:13.898402",1,"S.M."
489,1,"Ricardo","Meador","ricardo.meador@sakilacustomer.org",494,True,"2006-02-14","2023-04-27 06:36:13.898402",1,"R.M."
490,1,"Sam","Mcduffie","sam.mcduffie@sakilacustomer.org",495,True,"2006-02-14","2023-04-27 06:36:13.898402",1,"S.M."
491,2,"Rick","Mattox","rick.mattox@sakilacustomer.org",496,True,"2006-02-14","2023-04-27 06:36:13.898402",1,"R.M."
492,2,"Lester","Kraus","lester.kraus@sakilacustomer.org",497,True,"2006-02-14","2023-04-27 06:36:13.898402",1,"L.K."
493,1,"Brent","Harkins","brent.harkins@sakilacustomer.org",498,True,"2006-02-14","2023-04-27 06:36:13.898402",1,"B.H."
494,2,"Ramon","Choate","ramon.choate@sakilacustomer.org",499,True,"2006-02-14","2023-04-27 06:36:13.898402",1,"R.C."
495,2,"Charlie","Bess","charlie.bess@sakilacustomer.org",500,True,"2006-02-14","2023-04-27 06:36:13.898402",1,"C.B."
496,2,"Tyler","Wren","tyler.wren@sakilacustomer.org",501,True,"2006-02-14","2023-04-27 06:36:13.898402",1,"T.W."
497,2,"Gilbert","Sledge","gilbert.sledge@sakilacustomer.org",502,True,"2006-02-14","2023-04-27 06:36:13.898402",1,"G.S."
498,1,"Gene","Sanborn","gene.sanborn@sakilacustomer.org",503,True,"2006-02-14","2023-04-27 06:36:13.898402",1,"G.S."
499,2,"Marc","Outlaw","marc.outlaw@sakilacustomer.org",504,True,"2006-02-14","2023-04-27 06:36:13.898402",1,"M.O."
500,1,"Reginald","Kinder","reginald.kinder@sakilacustomer.org",505,True,"2006-02-14","2023-04-27 06:36:13.898402",1,"R.K."
501,1,"Ruben","Geary","ruben.geary@sakilacustomer.org",506,True,"2006-02-14","2023-04-27 06:36:13.898402",1,"R.G."
502,1,"Brett","Cornwell","brett.cornwell@sakilacustomer.org",507,True,"2006-02-14","2023-04-27 06:36:13.898402",1,"B.C."
503,1,"Angel","Barclay","angel.barclay@sakilacustomer.org",508,True,"2006-02-14","2023-04-27 06:36:13.898402",1,"A.B."
504,1,"Nathaniel","Adam","nathaniel.adam@sakilacustomer.org",509,True,"2006-02-14","2023-04-27 06:36:13.898402",1,"N.A."
505,1,"Rafael","Abney","rafael.abney@sakilacustomer.org",510,True,"2006-02-14","2023-04-27 06:36:13.898402",1,"R.A."
506,2,"Leslie","Seward","leslie.seward@sakilacustomer.org",511,True,"2006-02-14","2023-04-27 06:36:13.898402",1,"L.S."
507,2,"Edgar","Rhoads","edgar.rhoads@sakilacustomer.org",512,True,"2006-02-14","2023-04-27 06:36:13.898402",1,"E.R."
508,2,"Milton","Howland","milton.howland@sakilacustomer.org",513,True,"2006-02-14","2023-04-27 06:36:13.898402",1,"M.H."
509,1,"Raul","Fortier","raul.fortier@sakilacustomer.org",514,True,"2006-02-14","2023-04-27 06:36:13.898402",1,"R.F."
510,2,"Ben","Easter","ben.easter@sakilacustomer.org",515,True,"2006-02-14","2023-04-27 06:36:13.898402",0,"B.E."
511,1,"Chester","Benner","chester.benner@sakilacustomer.org",516,True,"2006-02-14","2023-04-27 06:36:13.898402",1,"C.B."
512,1,"Cecil","Vines","cecil.vines@sakilacustomer.org",517,True,"2006-02-14","2023-04-27 06:36:13.898402",1,"C.V."
513,2,"Duane","Tubbs","duane.tubbs@sakilacustomer.org",519,True,"2006-02-14","2023-04-27 06:36:13.898402",1,"D.T."
514,2,"Franklin","Troutman","franklin.troutman@sakilacustomer.org",520,True,"2006-02-14","2023-04-27 06:36:13.898402",1,"F.T."
515,1,"Andre","Rapp","andre.rapp@sakilacustomer.org",521,True,"2006-02-14","2023-04-27 06:36:13.898402",1,"A.R."
516,2,"Elmer","Noe","elmer.noe@sakilacustomer.org",522,True,"2006-02-14","2023-04-27 06:36:13.898402",1,"E.N."
517,2,"Brad","Mccurdy","brad.mccurdy@sakilacustomer.org",523,True,"2006-02-14","2023-04-27 06:36:13.898402",1,"B.M."
518,1,"Gabriel","Harder","gabriel.harder@sakilacustomer.org",524,True,"2006-02-14","2023-04-27 06:36:13.898402",1,"G.H."
519,2,"Ron","Deluca","ron.deluca@sakilacustomer.org",525,True,"2006-02-14","2023-04-27 06:36:13.898402",1,"R.D."
520,2,"Mitchell","Westmoreland","mitchell.westmoreland@sakilacustomer.org",526,True,"2006-02-14","2023-04-27 06:36:13.898402",1,"M.W."
521,2,"Roland","South","roland.south@sakilacustomer.org",527,True,"2006-02-14","2023-04-27 06:36:13.898402",1,"R.S."
522,2,"Arnold","Havens","arnold.havens@sakilacustomer.org",528,True,"2006-02-14","2023-04-27 06:36:13.898402",1,"A.H."
523,1,"Harvey","Guajardo","harvey.guajardo@sakilacustomer.org",529,True,"2006-02-14","2023-04-27 06:36:13.898402",1,"H.G."
525,2,"Adrian","Clary","adrian.clary@sakilacustomer.org",531,True,"2006-02-14","2023-04-27 06:36:13.898402",1,"A.C."
526,2,"Karl","Seal","karl.seal@sakilacustomer.org",532,True,"2006-02-14","2023-04-27 06:36:13.898402",1,"K.S."
527,1,"Cory","Meehan","cory.meehan@sakilacustomer.org",533,True,"2006-02-14","2023-04-27 06:36:13.898402",1,"C.M."
528,1,"Claude","Herzog","claude.herzog@sakilacustomer.org",534,True,"2006-02-14","2023-04-27 06:36:13.898402",1,"C.H."
529,2,"Erik","Guillen","erik.guillen@sakilacustomer.org",535,True,"2006-02-14","2023-04-27 06:36:13.898402",1,"E.G."
530,2,"Darryl","Ashcraft","darryl.ashcraft@sakilacustomer.org",536,True,"2006-02-14","2023-04-27 06:36:13.898402",1,"D.A."
531,2,"Jamie","Waugh","jamie.waugh@sakilacustomer.org",537,True,"2006-02-14","2023-04-27 06:36:13.898402",1,"J.W."
532,2,"Neil","Renner","neil.renner@sakilacustomer.org",538,True,"2006-02-14","2023-04-27 06:36:13.898402",1,"N.R."
533,1,"Jessie","Milam","jessie.milam@sakilacustomer.org",539,True,"2006-02-14","2023-04-27 06:36:13.898402",1,"J.M."
534,1,"Christian","Jung","christian.jung@sakilacustomer.org",540,True,"2006-02-14","2023-04-27 06:36:13.898402",0,"C.J."
535,1,"Javier","Elrod","javier.elrod@sakilacustomer.org",541,True,"2006-02-14","2023-04-27 06:36:13.898402",1,"J.E."
536,2,"Fernando","Churchill","fernando.churchill@sakilacustomer.org",542,True,"2006-02-14","2023-04-27 06:36:13.898402",1,"F.C."
537,2,"Clinton","Buford","clinton.buford@sakilacustomer.org",543,True,"2006-02-14","2023-04-27 06:36:13.898402",1,"C.B."
538,2,"Ted","Breaux","ted.breaux@sakilacustomer.org",544,True,"2006-02-14","2023-04-27 06:36:13.898402",1,"T.B."
539,1,"Mathew","Bolin","mathew.bolin@sakilacustomer.org",545,True,"2006-02-14","2023-04-27 06:36:13.898402",1,"M.B."
540,1,"Tyrone","Asher","tyrone.asher@sakilacustomer.org",546,True,"2006-02-14","2023-04-27 06:36:13.898402",1,"T.A."
541,2,"Darren","Windham","darren.windham@sakilacustomer.org",547,True,"2006-02-14","2023-04-27 06:36:13.898402",1,"D.W."
542,2,"Lonnie","Tirado","lonnie.tirado@sakilacustomer.org",548,True,"2006-02-14","2023-04-27 06:36:13.898402",1,"L.T."
543,1,"Lance","Pemberton","lance.pemberton@sakilacustomer.org",549,True,"2006-02-14","2023-04-27 06:36:13.898402",1,"L.P."
544,2,"Cody","Nolen","cody.nolen@sakilacustomer.org",550,True,"2006-02-14","2023-04-27 06:36:13.898402",1,"C.N."
545,2,"Julio","Noland","julio.noland@sakilacustomer.org",551,True,"2006-02-14","2023-04-27 06:36:13.898402",1,"J.N."
546,1,"Kelly","Knott","kelly.knott@sakilacustomer.org",552,True,"2006-02-14","2023-04-27 06:36:13.898402",1,"K.K."
547,1,"Kurt","Emmons","kurt.emmons@sakilacustomer.org",553,True,"2006-02-14","2023-04-27 06:36:13.898402",1,"K.E."
548,1,"Allan","Cornish","allan.cornish@sakilacustomer.org",554,True,"2006-02-14","2023-04-27 06:36:13.898402",1,"A.C."
549,1,"Nelson","Christenson","nelson.christenson@sakilacustomer.org",555,True,"2006-02-14","2023-04-27 06:36:13.898402",1,"N.C."
550,2,"Guy","Brownlee","guy.brownlee@sakilacustomer.org",556,True,"2006-02-14","2023-04-27 06:36:13.898402",1,"G.B."
551,2,"Clayton","Barbee","clayton.barbee@sakilacustomer.org",557,True,"2006-02-14","2023-04-27 06:36:13.898402",1,"C.B."
552,2,"Hugh","Waldrop","hugh.waldrop@sakilacustomer.org",558,True,"2006-02-14","2023-04-27 06:36:13.898402",1,"H.W."
553,1,"Max","Pitt","max.pitt@sakilacustomer.org",559,True,"2006-02-14","2023-04-27 06:36:13.898402",1,"M.P."
554,1,"Dwayne","Olvera","dwayne.olvera@sakilacustomer.org",560,True,"2006-02-14","2023-04-27 06:36:13.898402",1,"D.O."
555,1,"Dwight","Lombardi","dwight.lombardi@sakilacustomer.org",561,True,"2006-02-14","2023-04-27 06:36:13.898402",1,"D.L."
556,2,"Armando","Gruber","armando.gruber@sakilacustomer.org",562,True,"2006-02-14","2023-04-27 06:36:13.898402",1,"A.G."
557,1,"Felix","Gaffney","felix.gaffney@sakilacustomer.org",563,True,"2006-02-14","2023-04-27 06:36:13.898402",1,"F.G."
558,1,"Jimmie","Eggleston","jimmie.eggleston@sakilacustomer.org",564,True,"2006-02-14","2023-04-27 06:36:13.898402",0,"J.E."
559,2,"Everett","Banda","everett.banda@sakilacustomer.org",565,True,"2006-02-14","2023-04-27 06:36:13.898402",1,"E.B."
560,1,"Jordan","Archuleta","jordan.archuleta@sakilacustomer.org",566,True,"2006-02-14","2023-04-27 06:36:13.898402",1,"J.A."
561,2,"Ian","Still","ian.still@sakilacustomer.org",567,True,"2006-02-14","2023-04-27 06:36:13.898402",1,"I.S."
562,1,"Wallace","Slone","wallace.slone@sakilacustomer.org",568,True,"2006-02-14","2023-04-27 06:36:13.898402",1,"W.S."
563,2,"Ken","Prewitt","ken.prewitt@sakilacustomer.org",569,True,"2006-02-14","2023-04-27 06:36:13.898402",1,"K.P."
564,2,"Bob","Pfeiffer","bob.pfeiffer@sakilacustomer.org",570,True,"2006-02-14","2023-04-27 06:36:13.898402",1,"B.P."
565,2,"Jaime","Nettles","jaime.nettles@sakilacustomer.org",571,True,"2006-02-14","2023-04-27 06:36:13.898402",1,"J.N."
566,1,"Casey","Mena","casey.mena@sakilacustomer.org",572,True,"2006-02-14","2023-04-27 06:36:13.898402",1,"C.M."
567,2,"Alfredo","Mcadams","alfredo.mcadams@sakilacustomer.org",573,True,"2006-02-14","2023-04-27 06:36:13.898402",1,"A.M."
568,2,"Alberto","Henning","alberto.henning@sakilacustomer.org",574,True,"2006-02-14","2023-04-27 06:36:13.898402",1,"A.H."
569,2,"Dave","Gardiner","dave.gardiner@sakilacustomer.org",575,True,"2006-02-14","2023-04-27 06:36:13.898402",1,"D.G."
570,2,"Ivan","Cromwell","ivan.cromwell@sakilacustomer.org",576,True,"2006-02-14","2023-04-27 06:36:13.898402",1,"I.C."
571,2,"Johnnie","Chisholm","johnnie.chisholm@sakilacustomer.org",577,True,"2006-02-14","2023-04-27 06:36:13.898402",1,"J.C."
572,1,"Sidney","Burleson","sidney.burleson@sakilacustomer.org",578,True,"2006-02-14","2023-04-27 06:36:13.898402",1,"S.B."
573,1,"Byron","Box","byron.box@sakilacustomer.org",579,True,"2006-02-14","2023-04-27 06:36:13.898402",1,"B.B."
574,2,"Julian","Vest","julian.vest@sakilacustomer.org",580,True,"2006-02-14","2023-04-27 06:36:13.898402",1,"J.V."
575,2,"Isaac","Oglesby","isaac.oglesby@sakilacustomer.org",581,True,"2006-02-14","2023-04-27 06:36:13.898402",1,"I.O."
576,2,"Morris","Mccarter","morris.mccarter@sakilacustomer.org",582,True,"2006-02-14","2023-04-27 06:36:13.898402",1,"M.M."
577,2,"Clifton","Malcolm","clifton.malcolm@sakilacustomer.org",583,True,"2006-02-14","2023-04-27 06:36:13.898402",1,"C.M."
578,2,"Willard","Lumpkin","willard.lumpkin@sakilacustomer.org",584,True,"2006-02-14","2023-04-27 06:36:13.898402",1,"W.L."
579,2,"Daryl","Larue","daryl.larue@sakilacustomer.org",585,True,"2006-02-14","2023-04-27 06:36:13.898402",1,"D.L."
580,1,"Ross","Grey","ross.grey@sakilacustomer.org",586,True,"2006-02-14","2023-04-27 06:36:13.898402",1,"R.G."
581,1,"Virgil","Wofford","virgil.wofford@sakilacustomer.org",587,True,"2006-02-14","2023-04-27 06:36:13.898402",1,"V.W."
582,2,"Andy","Vanhorn","andy.vanhorn@sakilacustomer.org",588,True,"2006-02-14","2023-04-27 06:36:13.898402",1,"A.V."
583,1,"Marshall","Thorn","marshall.thorn@sakilacustomer.org",589,True,"2006-02-14","2023-04-27 06:36:13.898402",1,"M.T."
584,2,"Salvador","Teel","salvador.teel@sakilacustomer.org",590,True,"2006-02-14","2023-04-27 06:36:13.898402",1,"S.T."
585,1,"Perry","Swafford","perry.swafford@sakilacustomer.org",591,True,"2006-02-14","2023-04-27 06:36:13.898402",1,"P.S."
586,1,"Kirk","Stclair","kirk.stclair@sakilacustomer.org",592,True,"2006-02-14","2023-04-27 06:36:13.898402",1,"K.S."
587,1,"Sergio","Stanfield","sergio.stanfield@sakilacustomer.org",593,True,"2006-02-14","2023-04-27 06:36:13.898402",1,"S.S."
588,1,"Marion","Ocampo","marion.ocampo@sakilacustomer.org",594,True,"2006-02-14","2023-04-27 06:36:13.898402",1,"M.O."
589,1,"Tracy","Herrmann","tracy.herrmann@sakilacustomer.org",595,True,"2006-02-14","2023-04-27 06:36:13.898402",1,"T.H."
590,2,"Seth","Hannon","seth.hannon@sakilacustomer.org",596,True,"2006-02-14","2023-04-27 06:36:13.898402",1,"S.H."
591,1,"Kent","Arsenault","kent.arsenault@sakilacustomer.org",597,True,"2006-02-14","2023-04-27 06:36:13.898402",1,"K.A."
592,1,"Terrance","Roush","terrance.roush@sakilacustomer.org",598,True,"2006-02-14","2023-04-27 06:36:13.898402",0,"T.R."
593,2,"Rene","Mcalister","rene.mcalister@sakilacustomer.org",599,True,"2006-02-14","2023-04-27 06:36:13.898402",1,"R.M."
594,1,"Eduardo","Hiatt","eduardo.hiatt@sakilacustomer.org",600,True,"2006-02-14","2023-04-27 06:36:13.898402",1,"E.H."
595,1,"Terrence","Gunderson","terrence.gunderson@sakilacustomer.org",601,True,"2006-02-14","2023-04-27 06:36:13.898402",1,"T.G."
596,1,"Enrique","Forsythe","enrique.forsythe@sakilacustomer.org",602,True,"2006-02-14","2023-04-27 06:36:13.898402",1,"E.F."
597,1,"Freddie","Duggan","freddie.duggan@sakilacustomer.org",603,True,"2006-02-14","2023-04-27 06:36:13.898402",1,"F.D."
598,1,"Wade","Delvalle","wade.delvalle@sakilacustomer.org",604,True,"2006-02-14","2023-04-27 06:36:13.898402",1,"W.D."
599,2,"Austin","Cintron","austin.cintron@sakilacustomer.org",605,True,"2006-02-14","2023-04-27 06:36:13.898402",1,"A.C."
